id,entrydate,description,userid
1,"2024-12-29 05:30:00.000000","WELCOME TO THE WORL MY DEAR BABYb-chauhan jk prasad",589
4,"2024-12-12 05:30:00.000000","DAD GIFT ---> CHAUAHN K CNU AND PRASAD CHAUHAN",5
5,"4000-04-04 05:30:00.000000","to day is 150g release",5
6,"4000-04-04 05:30:00.000000","to day is 150g release",1
7,"2024-12-29 05:30:00.000000","TODAY WE ARE DEVELOPING REST API FOR MYDIARY APP",143
8,"2024-12-29 05:30:00.000000","WELCOME TO THE WORL MY DEAR BABYb-chauhan jk prasad",589
13,"2024-12-12 05:30:00.000000","to day is 150g release",5
14,"2024-12-12 05:30:00.000000","CHAUAHN K CNU AND PRASAD CHAUHAN",5
15,"2024-12-12 05:30:00.000000","CHAUAHN K CNU AND PRASAD CHAUHAN",5
